{
    "deepttc": {
        "CCLE": {
            "batch_size": 64,
            "learning_rate": 0.0012233565752066463
        },
        "CTRPv2": {
            "batch_size": 256,
            "learning_rate": 0.0001
        },
        "GDSCv1": {
            "batch_size": 1024,
            "learning_rate": 0.06408519376992045
        },
        "GDSCv2": {
            "batch_size": 128,
            "learning_rate": 0.0005245278010578158
        },
        "gCSI": {
            "batch_size": 32,
            "learning_rate": 0.00015145175483629418
        }
    }
}